{"datasetName":"namesAndProducts","ioType":"WRITE","producer":"com.octo.spark.lineage.BusinessDriver_WithDF$56","sinks":"data-lineage-spark-demo/src/main/resources/examples/generated/namesAndProducts.json","sources":"file:///F:/MyBigDataSparkWork/datalineage/data-lineage-spark-demo/src/main/resources/examples/raw/clients-v15.json,file:///F:/MyBigDataSparkWork/datalineage/data-lineage-spark-demo/src/main/resources/examples/raw/products-v3.json","uri":"data-lineage-spark-demo/src/main/resources/examples/generated/namesAndProducts.json","version":"15","reference":false,"status":"Initial"}
